,quality,novelty,creative,quality_moe,novelty_moe,creative_moe
basic,3.401639344262295,3.4508196721311477,3.5737704918032787,0.18,0.18,0.16
human,3.5368852459016393,3.521857923497268,3.627049180327869,0.16,0.15,0.16
opro,3.2418032786885247,3.5,3.55327868852459,0.17,0.15,0.15
r1,3.1311475409836067,3.505464480874317,3.5163934426229506,0.17,0.17,0.17
